"dimension_coordinate.primary","dimension_coordinate.PC1","dimension_coordinate.PC2","dimension_coordinate.PC3","dimension_axis"
"J_XYL_F_0001_01",-0.077188620484885,0.0422227212374622,0.00305408776302335,44.02
"J_XYL_F_0001_02",-0.206623173404488,0.10731798396492,0.00549385515945591,31.12
"J_XYL_F_0002_01",-0.0134645822796708,-0.00546751721249309,-0.00705602375780498,24.86
"J_XYL_F_0002_02",-0.0171168790061553,-0.0133104427097636,-0.0540089737895974,44.02
"J_XYL_F_0003_01",-0.00966890797536467,-0.00216234106587899,-0.0259527201054408,31.12
"J_XYL_F_0003_02",-0.029497777507963,-0.046388895403974,-0.421039119428905,24.86
"J_XYL_F_0004_01",-0.0124105199020055,-0.0224493407736282,-0.00488662072191795,44.02
"J_XYL_F_0004_02",-0.0330662874543998,-0.0364604383947815,-0.000352497026615728,31.12
"J_XYL_F_0005_01",-0.00823725147438305,0.000324479093221104,-0.0149085036427068,24.86
"J_XYL_F_0005_02",-0.0285545231807342,0.00355186832732788,-0.0209307823068713,44.02
"J_XYL_F_0006_01",-0.00870789842394953,0.000731388222694964,-0.00651915475673507,31.12
"J_XYL_F_0006_02",-0.0118403150659002,0.0015506665829261,-0.0243679604760922,24.86
"J_XYL_F_0010_01",-0.0110902922392253,-7.75600480455648e-05,-0.0174733285318185,44.02
"J_XYL_F_0010_02",-0.0162860468149317,-0.00277669238177009,-0.0187889445205248,31.12
"J_XYL_F_0012_01",-0.0377784062459412,-0.0459451080794587,-0.410750096205302,24.86
"J_XYL_F_0012_02",-0.0243352728457761,-0.0344727606326881,-0.351901724839313,44.02
"J_XYL_F_0013_01",-0.0263006358045938,0.00980017884470118,-0.0160775361708017,31.12
"J_XYL_F_0013_02",-0.0498644792382608,0.0206146661519178,-0.00726257535161362,24.86
"J_XYL_F_0015_01",-0.0693002290213296,0.0272423156586001,-0.00627231085725023,44.02
"J_XYL_F_0015_02",-0.0225486458791873,0.00619157854516569,-0.0409722845188369,31.12
"J_XYL_F_0016_01",-0.0734156842050002,0.0205839117488207,-0.0223875319470913,24.86
"J_XYL_F_0016_02",-0.036411194092269,0.0171779295727997,-0.00781048913500952,44.02
"J_XYL_F_0018_01",-0.0261083341643527,-0.0261926400624224,-0.0149012706509613,31.12
"J_XYL_F_0018_02",-0.00548126929025459,0.00158455963393307,-0.0032115738902605,24.86
"J_XYL_F_0020_01",-0.0153900751306424,-0.0413104353653351,-0.00579541409488497,44.02
"J_XYL_F_0020_02",-0.0209055542811896,-0.00156816812397593,-0.00540092078414189,31.12
"J_XYL_F_0025_01",-0.0164868235688861,0.00064146533216798,-0.00980323617060995,24.86
"J_XYL_F_0025_02",-0.0610307746799393,0.0225731627018487,-0.00710648808923652,44.02
"J_XYL_F_0031_01",-0.0563296089002059,-0.131702793742746,0.0161120330592352,31.12
"J_XYL_F_0031_02",-0.0424334419512339,-0.0753796052090384,0.0116273168721324,24.86
"J_XYL_F_0032_01",-0.017980010566116,-0.00429333731252801,-0.00508462273418061,44.02
"J_XYL_F_0032_02",-0.0262323626454577,-0.0268556717414905,-0.00123989902985627,31.12
"J_XYL_F_0034_01",-0.0576111200767638,-0.0174255320571387,0.000966769249472929,24.86
"J_XYL_F_0034_02",-0.181572738061115,0.0874354733765332,0.00581745728613495,44.02
"J_XYL_F_0036_01",-0.0458651257250821,0.0208574371951832,-0.00993908764586947,31.12
"J_XYL_F_0036_02",-0.0099816660999334,0.00111238401435767,-0.00660070648554578,24.86
"J_XYL_F_0043_01",-0.0410976435448786,-0.0715787857777414,0.00491424697969174,44.02
"J_XYL_F_0043_2",-0.0111693174207804,0.00100340200420706,-0.00916219759565229,31.12
"J_XYL_F_0044_01",-0.0561997132670899,0.028480653547744,-0.000741207327154594,24.86
"J_XYL_F_0044_02",-0.0173449352955938,0.00274625587960257,-0.00389634661596143,44.02
"J_XYL_F_0045_01",-0.2189119594407,0.118217156543583,0.0103431483809743,31.12
"J_XYL_F_0045_2",-0.347151282301577,0.194831446217234,0.0151497715643499,24.86
"J_XYL_F_0046_01",-0.0164987330281605,-0.00473785369035718,-0.0133453004492859,44.02
"J_XYL_F_0046_02",-0.0636916694170184,0.0305692611984208,-0.0059271012527872,31.12
"J_XYL_F_0047_01",-0.0816831554915784,0.0124170718544339,0.00405921160404422,24.86
"J_XYL_F_0047_02",-0.0401102602822299,-0.00361496123633559,-0.00437138485670148,44.02
"J_XYL_F_0048_01",-0.210753968705317,0.113627252701815,0.015796619375764,31.12
"J_XYL_F_0049_02",-0.0257960720165968,0.0074173115477768,-0.0110295433750393,24.86
"J_XYL_F_0050_01",-0.197771371208621,0.104877441081057,0.00659375544208222,44.02
"J_XYL_F_0050_02",-0.0325714261326358,0.0182863503110803,0.00219270694140929,31.12
"J_XYL_F_0051_01",-0.204170618741404,0.113281060888992,0.0110349168558146,24.86
"J_XYL_F_0051_02",-0.00587062100197654,-0.0139029730797674,-0.0137339380183724,44.02
"J_XYL_F_0053_01",-0.033092588348866,-0.040444673782033,-0.116689286143453,31.12
"J_XYL_F_0053_02",-0.0175571216197045,-0.0203528795328115,-0.0623231903142605,24.86
"J_XYL_F_0057_01",-0.0256620827461181,0.000455418479034003,-0.00402024137364385,44.02
"J_XYL_F_0057_02",-0.0318348702131791,-0.0310366251425303,-0.0139407892196664,31.12
"J_XYL_F_0058_01",-0.143783691494161,0.0737527486592226,0.00631218440145753,24.86
"J_XYL_F_0058_02",-0.0240921036034154,0.00296860920927529,-0.00916088938425406,44.02
"J_XYL_F_0059_01",-0.0164535314405789,-0.00165968598829993,-0.0124883114321829,31.12
"J_XYL_F_0059_02",-0.0331778405858707,-0.00149155933050199,-0.028968062624905,24.86
"J_XYL_F_0060_01",-0.0502388410617432,-0.00569805574755959,0.00125284973011655,44.02
"J_XYL_F_0060_02",-0.0545734863756156,-0.149623225036168,0.0267716501486866,31.12
"J_XYL_F_0061_01",-0.0185739144919566,-0.0210113856724131,-0.000637091354682532,24.86
"J_XYL_F_0061_02",-0.0103644312406947,0.00165516458283855,-0.00359199514930854,44.02
"J_XYL_F_0062_01",-0.0209297429870856,-0.00699891485908363,-0.0456960130644656,31.12
"J_XYL_F_0062_02",-0.0147199557888474,-0.0252342862649131,-0.0340975367799904,24.86
"J_XYL_F_0064_01",-0.249351016632428,0.131795987736755,0.0130552435673785,44.02
"J_XYL_F_0064_02",-0.118891157720368,0.0645258337833877,0.00331301001127839,31.12
"J_XYL_F_0065_01",-0.0357073397430625,0.00849334353658164,-0.0585494829630774,24.86
"J_XYL_F_0065_02",-0.0171733790394291,0.00419589999710218,-0.00872923431644859,44.02
"J_XYL_F_0066_01",-0.0581526187338777,0.0253088026530384,-0.00404105916063533,31.12
"J_XYL_F_0066_02",-0.0586735182791379,-0.0800482825363139,0.0138909292268247,24.86
"K_XYL_F_0001_01",-0.0370096251765501,0.0176896487928932,-0.000967454749064879,44.02
"K_XYL_F_0001_02",-0.239250968352837,-0.433802168648793,0.110574354595458,31.12
"K_XYL_F_0002_01",-0.298620332516632,0.146784440804379,0.0227500824687306,24.86
"K_XYL_F_0002_02",-0.170471335578065,-0.200387768815239,0.0604581361238247,44.02
"K_XYL_F_0003_01",-0.00999319007576866,0.00126897829661089,-0.00381450295169486,31.12
"K_XYL_F_0003_02",-0.225820491680465,0.0826216311111099,0.00535257596377916,24.86
"K_XYL_F_0004_01",-0.120882467445045,0.0621803295104095,0.00623011516996972,44.02
"K_XYL_F_0004_02",-0.272113958034755,0.0179953730515487,0.0405677935793802,31.12
"K_XYL_F_0005_01",-0.0110954019433764,-0.00529397975734086,-0.00177902404210291,24.86
"K_XYL_F_0005_02",-0.0583004992603969,-0.181076114710014,0.0339435496053693,44.02
"K_XYL_F_0007_01",-0.0672286673782454,0.0298907077169485,-0.00280724867038113,31.12
"K_XYL_F_0007_02",-0.0230004835219143,-0.0142022316430356,-0.0164560507317953,24.86
"K_XYL_F_0008_01",-0.0401676527738229,0.0182461128513606,-0.00981214835015001,44.02
"K_XYL_F_0008_02",-0.0784268451217548,0.0405673914807177,-0.0122561926268449,31.12
"K_XYL_F_0009_01",-0.00998432602437641,-0.0136031950965599,-0.0159113548221828,24.86
"K_XYL_F_0009_02",-0.037747166489271,-0.0317976559032668,-0.0136891302302844,44.02
"K_XYL_F_0009_03",-0.0325655325382665,-0.0995977793698072,-0.0788769278000075,31.12
"K_XYL_F_0011_01",-0.0101255492143447,-0.00266279321869215,-0.0109110382493171,24.86
"K_XYL_F_0011_02",-0.0124203953694834,-0.0039440793320848,-0.0249234210380148,44.02
"K_XYL_F_0012_01",-0.0101953127689899,-0.0196035705087358,-0.0211361416505053,31.12
"K_XYL_F_0012_02",-0.020878225341776,-0.0318559677771832,-0.315171823977434,24.86
"K_XYL_F_0013_01",-0.00590724556960217,-0.00319461769221979,-0.0128830547788005,44.02
"K_XYL_F_0013_02",-0.0282070817397412,-0.035827322097285,-0.229717797492962,31.12
"K_XYL_F_0017_01",-0.0682482634993265,-0.0363495718224978,0.00446703622166549,24.86
"K_XYL_F_0017_02",-0.0997233019429056,0.0379075718870587,0.00490731592359571,44.02
"K_XYL_F_0018_01",-0.0335178681160659,-0.0720959103808823,-0.0101445790553581,31.12
"K_XYL_F_0018_02",-0.0153993672636025,-0.0143747161546577,-0.00206762079298322,24.86
"K_XYL_F_0022_01",-0.0166933797864729,-0.00827366911548059,-0.000347693243315374,44.02
"K_XYL_F_0022_02",-0.0223143157242716,-0.0267249407543911,-0.257002245214522,31.12
"K_XYL_F_0028_01",-0.0160408742490266,-0.00153572647085941,-0.00271123451517614,24.86
"K_XYL_F_0028_02",-0.0170855290912372,-0.00559144947918941,-0.000932282819289353,44.02
"K_XYL_F_0030_02",-0.0136937368399391,-0.00625582390499107,-0.0119519015816422,31.12
"K_XYL_F_0030_03",-0.0110112997183489,-0.00289385880961288,-0.0021381281550659,24.86
"K_XYL_F_0033_01",-0.0399710361778592,-0.108338802027878,-0.0478320027882129,44.02
"K_XYL_F_0033_02",-0.0586390714808959,-0.18481345610167,-0.0598961912887823,31.12
"K_XYL_F_0035_01",-0.00827825509474302,-0.00825700432229885,-0.015609783813584,24.86
"K_XYL_F_0035_02",-0.0126326877330066,-0.00742468203180342,-0.0123651197664298,44.02
"K_XYL_F_0035_03",-0.010793636361603,0.000625776774982986,-0.00720762992225545,31.12
"K_XYL_F_0036_01",-0.0278951530435711,-0.00632618317513115,-0.00984175927601517,24.86
"K_XYL_F_0036_02",-0.027547223325861,-0.0879860768118726,0.00424266903312095,44.02
"K_XYL_F_0037_01",-0.0193946916335441,-0.025634101300346,-0.255155003756461,31.12
"K_XYL_F_0037_02",-0.0177758311866183,-0.0313702577449691,-0.283937904330313,24.86
"K_XYL_F_0038_01",-0.102944976316366,-0.127810291475285,0.0322576812161343,44.02
"K_XYL_F_0038_02",-0.120934648099952,-0.360122329558153,0.0716395251856061,31.12
"K_XYL_F_0039_01",-0.0176831063120021,-0.00097573070586056,-0.0094668402567234,24.86
"K_XYL_F_0039_02",-0.16442885727323,0.0708025768505186,0.0143846771625273,44.02
"K_XYL_F_0042_01",-0.0192490296045225,-0.0166993903681762,-0.139028700201272,31.12
"K_XYL_F_0042_02",-0.0199691639508426,-0.0339619852825253,-0.162191256909619,24.86
"K_XYL_F_0043_01",-0.055894547571458,-0.153319401763338,0.0261725576616553,44.02
"K_XYL_F_0043_02",-0.0903090027666697,-0.319129360085538,0.0627741539942125,31.12
"K_XYL_F_0044_01",-0.0560562226028147,-0.161703067063308,0.0280573953189376,24.86
"K_XYL_F_0044_02",-0.0622793248382976,-0.193629936582182,0.0312894937521329,44.02
"K_XYL_F_0045_01",-0.0368014386420702,-0.00231735719810386,-0.112553276549011,31.12
"K_XYL_F_0045_02",-0.0726080315480861,-0.17724588818573,0.0282525592264825,24.86
"K_XYL_F_0046_01",-0.0344403691553507,-0.00115941176862735,-0.119115255052629,44.02
"K_XYL_F_0046_02",-0.0848547281202685,-0.190650027110676,0.0354486362135016,31.12
"K_XYL_F_0047_01",-0.0134694537937414,-0.00557294593427945,-0.020950886977751,24.86
"K_XYL_F_0047_02",-0.0139596348005617,-0.00124831342915871,-0.0168081622557208,44.02
"K_XYL_F_0048_01",-0.0179264617176389,-0.0204054431951901,-0.0782371011440857,31.12
"K_XYL_F_0048_02",-0.00865739478040808,-0.000477419742980751,-0.00630876522848444,24.86
